Title,Year,Score,Description,Director,Screenplay,Type,Revenue
The Old Guard 2,2025,62,Andy and her team of immortal warriors fight with renewed purpose as they face a powerful new foe threatening their mission to protect humanity.,Victoria Mahoney,Greg Rucka,"Action, Fantasy",
Ballerina,2025,74,"Taking place during the events of John Wick: Chapter 3 – Parabellum, Eve Macarro begins her training in the assassin traditions of the Ruska Roma.",Len Wiseman,,"Action, Thriller, Crime","108,372,988.00"
Karate Kid: Legends,2025,72,"After a family tragedy, kung fu prodigy Li Fong is uprooted from his home in Beijing and forced to move to New York City with his mother. When a new friend needs his help, Li enters a karate competition – but his skills alone aren't enough. Li's kung fu teacher Mr. Han enlists original Karate Kid Daniel LaRusso for help, and Li learns a new way to fight, merging their two styles into one for the ultimate martial arts showdown.",Jonathan Entwistle,,"Action, Adventure, Drama","104,518,853.00"
Ice Road: Vengeance,2025,70,"Big rig ice road driver Mike McCann travels to Nepal to scatter his late brother’s ashes on Mt. Everest. While on a packed tour bus traversing the deadly 12,000 ft. terrain of the infamous Road to the Sky, McCann and his mountain guide encounter a group of mercenaries and must fight to save themselves, the busload of innocent travelers, and the local villagers’ homeland.",Jonathan Hensleigh,,"Action, Thriller, Drama",
Heads of State,2025,70,"The UK Prime Minister and US President have a public rivalry that risks their countries' alliance. But when they become targets of a powerful enemy, they're forced to rely on each other as they go on a wild, multinational run. Allied with Noel, a brilliant MI6 agent, they must find a way to thwart a conspiracy that threatens the free world.",Ilya Naishuller,"Harrison Query, Josh Appelbaum, André Nemec","Action, Thriller, Comedy",
Thunderbolts*,2025,74,"After finding themselves ensnared in a death trap, seven disillusioned castoffs must embark on a dangerous mission that will force them to confront the darkest corners of their pasts.",Jake Schreier,"Eric Pearson, Joanna Calo","Action, Science Fiction, Adventure","382,001,353.00"
Jurassic World Rebirth,2025,65,"Five years after the events of Jurassic World Dominion, covert operations expert Zora Bennett is contracted to lead a skilled team on a top-secret mission to secure genetic material from the world's three most massive dinosaurs. When Zora's operation intersects with a civilian family whose boating expedition was capsized, they all find themselves stranded on an island where they come face-to-face with a sinister, shocking discovery that's been hidden from the world for decades.",Gareth Edwards,,"Science Fiction, Adventure, Action","349,368,875.00"
Superman,2025,73,"Superman, a journalist in Metropolis, embarks on a journey to reconcile his Kryptonian heritage with his human upbringing as Clark Kent.",James Gunn,,"Science Fiction, Adventure, Action","21,000,000.00"
Final Destination Bloodlines,2025,72,"Plagued by a violent recurring nightmare, college student Stefanie heads home to track down the one person who might be able to break the cycle and save her family from the grisly demise that inevitably awaits them all.","Zach Lipovsky, Adam B. Stein","Guy Busick, Lori Evans Taylor","Horror, Mystery","284,868,433.00"
Dora and the Search for Sol Dorado,2025,71,"Dora, Diego, and their new friends trek through the perilous dangers of the Amazonian jungle in search of the ancient and powerful treasure of Sol Dorado to keep it out of enemy hands.",Alberto Belli,JT Billings,"Adventure, Comedy, Family",
Lilo & Stitch,2025,71,The wildly funny and touching story of a lonely Hawaiian girl and the fugitive alien who helps to mend her broken family.,Dean Fleischer Camp,"Mike Van Waes, Chris Kekaniokalani Bright","Family, Science Fiction, Comedy, Adventure","975,163,443.00"
Bring Her Back,2025,73,"Following the death of their father, a brother and sister are introduced to their new sibling by their foster mother, only to learn that she has a terrifying secret.","Danny Philippou, Michael Philippou",,Horror,"22,691,436.00"
KPop Demon Hunters,2025,86,"When K-pop superstars Rumi, Mira and Zoey aren't selling out stadiums, they're using their secret powers to protect their fans from supernatural threats.","Maggie Kang, Chris Appelhans","Maggie Kang, Chris Appelhans, Danya Jimenez, Hannah McMechan","Animation, Fantasy, Action, Comedy, Music",
Ziam,2025,69,"In a fight for survival against a horrifying army of zombies, a former Muay Thai fighter must use skill, speed and grit to save his girlfriend.",Kulp Kaljareuk,"Kulp Kaljareuk, Chonnatee Pimnan, Vathanyu Ingkawiwat, Weerasu Worrapot, Nut Nualpang","Horror, Thriller, Action",
Muromachi Burai,2025,91,"Set in war-torn 15th century Kyoto, on the eve of the Onin War, the movie centers on a band of outlaws led by Hyoe (Oizumi) a scoundrel whose lethal sword skills place him at the tip of the spear in a deadly uprising against the corrupt Shogunate and its army, led by former friend-turned-archrival, Doken (Tsutsumi).",Yu Irie,Yu Irie,"Action, Drama",
How to Train Your Dragon,2025,79,"On the rugged isle of Berk, where Vikings and dragons have been bitter enemies for generations, Hiccup stands apart, defying centuries of tradition when he befriends Toothless, a feared Night Fury dragon. Their unlikely bond reveals the true nature of dragons, challenging the very foundations of Viking society.",Dean DeBlois,,"Fantasy, Family, Action","530,825,784.00"
F1,2025,77,Racing legend Sonny Hayes is coaxed out of retirement to lead a struggling Formula 1 team—and mentor a young hotshot driver—while chasing one more chance at glory.,Joseph Kosinski,Ehren Kruger,"Action, Drama","305,374,952.00"
The Ritual,2025,60,"Two priests, one in crisis with his faith and the other confronting a turbulent past, must overcome their differences to perform a risky exorcism.",David Midell,,Horror,"1,528,998.00"
Sinners,2025,76,"Trying to leave their troubled lives behind, twin brothers return to their hometown to start again, only to discover that an even greater evil is waiting to welcome them back.",Ryan Coogler,,"Horror, Action, Thriller","364,828,885.00"
xXx,2002,59,"Xander Cage is your standard adrenaline junkie with no fear and a lousy attitude. When the US Government ""recruits"" him to go on a mission, he's not exactly thrilled. His mission: to gather information on an organization that may just be planning the destruction of the world, led by the nihilistic Yorgi.",Rob Cohen,Rich Wilkes,"Action, Adventure, Thriller, Crime","277,448,382.00"
The Hangman,2024,49,"Troubled father Leon takes son camping in Appalachia. Local cult summons evil Hangman demon. Son goes missing. Leon must confront cult, monster to find him amid rising body count.",Bruce Wemple,,"Horror, Thriller",
Long Distance,2024,63,"After crash-landing on an alien planet, an asteroid miner must contend with the challenges of his new surroundings, while making his way across the harsh terrain to the only other survivor – a woman who is trapped in her escape pod.","Josh Gordon, Will Speck",Spenser Cohen,"Science Fiction, Comedy, Action",
A Minecraft Movie,2025,65,"Four misfits find themselves struggling with ordinary problems when they are suddenly pulled through a mysterious portal into the Overworld: a bizarre, cubic wonderland that thrives on imagination. To get back home, they'll have to master this world while embarking on a magical quest with an unexpected, expert crafter, Steve.",Jared Hess,"Hubbel Palmer, Chris Bowman, Neil Widener, Chris Galletta, Gavin James","Family, Comedy, Adventure, Fantasy","955,149,195.00"
Mission: Impossible - The Final Reckoning,2025,72,"Ethan Hunt and team continue their search for the terrifying AI known as the Entity — which has infiltrated intelligence networks all over the globe — with the world's governments and a mysterious ghost from Hunt's past on their trail. Joined by new allies and armed with the means to shut the Entity down for good, Hunt is in a race against time to prevent the world as we know it from changing forever.",Christopher McQuarrie,,"Action, Adventure, Thriller","576,952,327.00"
28 Years Later,2025,72,"Twenty-eight years since the rage virus escaped a biological weapons laboratory, now, still in a ruthlessly enforced quarantine, some have found ways to exist amidst the infected. One such group lives on a small island connected to the mainland by a single, heavily-defended causeway. When one member departs on a mission into the dark heart of the mainland, he discovers secrets, wonders, and horrors that have mutated not only the infected but other survivors as well.",Danny Boyle,,"Horror, Thriller, Science Fiction","126,502,114.00"
The Twisters,2024,59,"A deadly patchwork of destructive cyclones is on an apocalyptic path of convergence at a populated Midwest city center. There, the twisters will merge into one mega tornado that threatens to obliterate the cities for hundreds of miles around.",Michael Su,,"Action, Adventure, Drama",
Crazy Lizard,2024,60,"A young man climbs into the mountains to pick up a meteorite that has fallen there and is killed by something. The ""thing"" descends to the village and begins to eat the inhabitants one by one, terrorizing the entire island.",Cecil Man Ching Cheng,,"Action, Thriller, Horror",
Diablo,2025,74,"Ex-con Kris Chaney seizes the daughter of a Colombian gangster to fulfill a noble promise to the young girl's mother. When her father enlists both the criminal underworld and a psychotic killer to exact his revenge, Kris relies on everything he's ever learned to stay alive and keep his word.",Ernesto Díaz Espinoza,,"Action, Thriller",
First Shift,2024,57,"NYPD veteran Mike and rookie Angela tackle a high-stakes day on New York's toughest streets, diving headfirst into a vortex of danger and action. Their adrenaline-fueled pursuits and unexpected threats unfold as they navigate perilous encounters. Amidst the chaos, intense challenges forge unbreakable bonds.",Uwe Boll,,"Crime, Thriller, Action",
The Amateur,2025,70,"After his life is turned upside down when his wife is killed in a London terrorist attack, a brilliant but introverted CIA decoder takes matters into his own hands when his supervisors refuse to take action.",James Hawes,"Ken Nolan, Gary Spinelli","Thriller, Action","95,956,038.00"
Jokōsei torio: seikan shiken,1977,73,"Three high school girls. One is experienced, one has fantasies and one is curious. What more will they learn before graduation?",Nobuaki Shirai,Akira Nakano,"Romance, Drama",
M3GAN 2.0,2025,72,"After the underlying tech for M3GAN is stolen and misused by a powerful defense contractor to create a military-grade weapon known as Amelia, M3GAN's creator Gemma realizes that the only option is to resurrect M3GAN and give her a few upgrades, making her faster, stronger, and more lethal.",Gerard Johnstone,,"Action, Science Fiction, Thriller","32,897,341.00"
Seeds,2024,56,A Mohawk woman is hired as a social media influencer but is caught in a deadly cat-and-mouse game as she's forced to go to war to preserve her people's heritage from corporate interests.,Kaniehtiio Horn,,"Horror, Thriller, Mystery",
Squid Game: Making Season 2,2025,85,"From set designs to character arcs, get exclusive cast and director interviews on how Season 2 of the globally most-watched series was brought to life.",,,Documentary,
STRAW,2025,79,What will be her last straw? A devastatingly bad day pushes a hardworking single mother to the breaking point — and into a shocking act of desperation.,Tyler Perry,,"Thriller, Drama, Crime",
Laila,2025,58,"Sonu Model, a renowned beautician from the old city, is forced to disguise himself as Laila, leading to a series of comedic, romantic, and action-packed events. Chaos ensues in this hilarious laugh riot",Ram Narayan,,"Comedy, Romance",
The Unholy Trinity,2025,67,"Set against the turbulent backdrop of 1870s Montana, in the moments before the execution of Isaac Broadway, he gives his estranged son, Henry, an impossible task: murder the man who framed him for a crime he didn’t commit. Intent on fulfilling his promise, Henry travels to the remote town of Trinity, where an unexpected turn of events traps him in town and leaves him caught between Gabriel Dove, the town’s upstanding new sheriff, and a mysterious figure named St. Christopher.",Richard Gray,,"Western, Adventure, Crime","1,000,526.00"
Hell of a Summer,2025,55,"When 24-year-old Jason Hochberg arrives for counsellor weekend at his beloved Camp Pineway, his biggest problem is feeling out of touch with his teenage co-workers. Little does he know; a masked killer has murdered camp owners John and Kathy and is preparing to strike again.","Billy Bryk, Finn Wolfhard",,"Horror, Comedy, Mystery","3,182,680.00"
Candle in the Tomb: The Worm Valley,2023,68,"Adapted from the 3rd volume in the novel series ""Candle in the Tomb"" by Zhang Mu Ye. Hu Bayi, Wang Kaixuan, and Shiely Yang, infected with a curse, embark on a journey to King Xian's tomb to retrieve the Haochen Bead and break the curse. They face ancient organs, ghostly visions, explosive bugs, and a massive salamander.",Dai Yilin,"Zhe Yang, Lin Jianfeng","Action, Adventure, Horror",
Clown in a Cornfield,2025,63,"Quinn and her father have just moved to the quiet town of Kettle Springs hoping for a fresh start. Instead, she discovers a fractured community that has fallen on hard times after the treasured Baypen Corn Syrup Factory burned down. As the locals bicker amongst themselves and tensions boil over, a sinister, grinning figure emerges from the cornfields to cleanse the town of its burdens, one bloody victim at a time.",Eli Craig,"Eli Craig, Carter Blanchard","Horror, Mystery, Thriller","8,802,437.00"
Predator: Killer of Killers,2025,80,"While three of the fiercest warriors in human history—a Viking raider, a ninja in feudal Japan, and a WWII pilot—are killers in their own right, they are merely prey for their new opponent: the ultimate killer of killers.",Dan Trachtenberg,Micho Rutare,"Animation, Action, Science Fiction, Thriller",
Jurassic World Dominion,2022,67,"Four years after Isla Nublar was destroyed, dinosaurs now live—and hunt—alongside humans all over the world. This fragile balance will reshape the future and determine, once and for all, whether human beings are to remain the apex predators on a planet they now share with history's most fearsome creatures.",Colin Trevorrow,"Colin Trevorrow, Emily Carmichael","Adventure, Action, Science Fiction","1,004,004,592.00"
The Accountant²,2025,72,"When an old acquaintance is murdered, Wolff is compelled to solve the case. Realizing more extreme measures are necessary, Wolff recruits his estranged and highly lethal brother, Brax, to help. In partnership with Marybeth Medina, they uncover a deadly conspiracy, becoming targets of a ruthless network of killers who will stop at nothing to keep their secrets buried.",Gavin O'Connor,,"Mystery, Crime, Thriller","102,123,366.00"
A Working Man,2025,67,"Levon Cade left behind a decorated military career in the black ops to live a simple life working construction. But when his boss's daughter, who is like family to him, is taken by human traffickers, his search to bring her home uncovers a world of corruption far greater than he ever could have imagined.",David Ayer,"David Ayer, Sylvester Stallone","Action, Crime, Thriller","99,068,160.00"
The Old Guard,2020,71,Four undying warriors who've secretly protected humanity for centuries become targeted for their mysterious powers just as they discover a new immortal.,Gina Prince-Bythewood,Greg Rucka,"Action, Fantasy",
Moana 2,2024,71,"After receiving an unexpected call from her wayfinding ancestors, Moana journeys alongside Maui and a new crew to the far seas of Oceania and into dangerous, long-lost waters for an adventure unlike anything she's ever faced.","Dana Ledoux Miller, Jason Hand, David G. Derrick Jr.","Dana Ledoux Miller, Jared Bush","Animation, Adventure, Family, Comedy","1,059,242,164.00"
Misericordia,2024,63,"Jérémie returns to his hometown for the funeral of his former boss, the village baker. He decides to stay for a few days with Martine, the man's widow. A mysterious disappearance, a threatening neighbor and a priest with strange intentions make Jérémie's short stay in the village take an unexpected turn.",Alain Guiraudie,,"Comedy, Drama, Thriller","1,703,284.00"
My Fault,2023,78,"Noah must leave her city, boyfriend, and friends to move into William Leister's mansion, the flashy and wealthy husband of her mother Rafaela. As a proud and independent 17 year old, Noah resists living in a mansion surrounded by luxury. However, it is there where she meets Nick, her new stepbrother, and the clash of their strong personalities becomes evident from the very beginning.",Domingo González,Domingo González,"Romance, Drama",
Squid Game in Conversation,2025,88,"Take a seat with the director and cast of Squid Game. Discover key moments, hear untold stories and see what this entire journey meant to them.",,,Documentary,
K.O.,2025,66,"A former fighter must find the missing son of an opponent he accidentally killed years ago, taking on a brutally violent crime gang in Marseille.",Antoine Blossier,,"Action, Drama, Adventure",
The Ugly Stepsister,2025,72,"In a fairy-tale kingdom where beauty is a brutal business, Elvira battles to compete with her incredibly beautiful stepsister, and she will go to any length to catch the prince’s eye.",Emilie Blichfeldt,,"Horror, Comedy, Fantasy, Drama","884,602.00"
Captain America: Brave New World,2025,60,"After meeting with newly elected U.S. President Thaddeus Ross, Sam finds himself in the middle of an international incident. He must discover the reason behind a nefarious global plot before the true mastermind has the entire world seeing red.",Julius Onah,"Julius Onah, Dalan Musson, Rob Edwards, Malcolm Spellman, Peter Glanz","Action, Thriller, Science Fiction","413,640,021.00"
Snow White,2025,43,"Following the benevolent King's disappearance, the Evil Queen dominated the once fair land with a cruel streak. Princess Snow White flees the castle when the Queen, in her jealousy over Snow White's inner beauty, tries to kill her. Deep into the dark woods, she stumbles upon seven magical dwarves and a young bandit named Jonathan. Together, they strive to survive the Queen's relentless pursuit and aspire to take back the kingdom.",Marc Webb,Erin Cressida Wilson,"Family, Fantasy","205,067,778.00"
Belyas,2025,74,"Audrey Avila, Denise Esteban and Dani Yoshida star as sultry Belyas. A housewife who is tired of her controlling husband takes a different turn when two young prostitutes rent their apartment. As she befriends the two, she begins to admire the sexual freedom they have.",G.B. Sampedro,Marvic Kevin Reyes,Drama,
Stepmom's Desire,2020,73,"Sang-jin, who was envious of her neighbor after getting a beautiful wife, Ask your wife's friend Gian to take over the son's extracurricular teacher, Sang-jin, who left work early, accidentally sees Gian's shower. A man who wants to have sex with his son's tutor, And a son who wants to have a good time with a young stepmom, Ji-an and Jin-hee, who want money, are disappointed with her husband, and Bin-jin gives her body to a young son.",Lee Dong-Joon,,"Drama, Romance",
Deep Cover,2025,67,"Kat is an improv comedy teacher beginning to question if she’s missed her shot at success. When an undercover cop offers her the role of a lifetime, she recruits two of her students to infiltrate London’s gangland by impersonating dangerous criminals.",Tom Kingsley,,"Action, Comedy, Crime",
How to Train Your Dragon,2010,78,"As the son of a Viking leader on the cusp of manhood, shy Hiccup Horrendous Haddock III faces a rite of passage: he must kill a dragon to prove his warrior mettle. But after downing a feared dragon, he realizes that he no longer wants to destroy it, and instead befriends the beast – which he names Toothless – much to the chagrin of his warrior father.","Dean DeBlois, Chris Sanders","Dean DeBlois, Chris Sanders, William Davies","Fantasy, Adventure, Animation, Family","495,141,736.00"
Jurassic World: Fallen Kingdom,2018,65,"Three years after Jurassic World was destroyed, Isla Nublar now sits abandoned. When the island's dormant volcano begins roaring to life, Owen and Claire mount a campaign to rescue the remaining dinosaurs from this extinction-level event.",J.A. Bayona,,"Action, Adventure, Science Fiction, Thriller","1,310,469,037.00"
Sonic the Hedgehog 3,2024,77,"Sonic, Knuckles, and Tails reunite against a powerful new adversary, Shadow, a mysterious villain with powers unlike anything they have faced before. With their abilities outmatched in every way, Team Sonic must seek out an unlikely alliance in hopes of stopping Shadow and protecting the planet.",Jeff Fowler,"Josh Miller, Patrick Casey, John Whittington","Action, Science Fiction, Comedy, Family","492,162,604.00"
Jurassic World,2015,67,"Twenty-two years after the events of Jurassic Park, Isla Nublar now features a fully functioning dinosaur theme park, Jurassic World, as originally envisioned by John Hammond.",Colin Trevorrow,"Colin Trevorrow, Rick Jaffa, Amanda Silver, Derek Connolly","Action, Adventure, Science Fiction, Thriller","1,671,537,444.00"
Warfare,2025,72,"A platoon of Navy SEALs embarks on a dangerous mission in Ramadi, Iraq, with the chaos and brotherhood of war retold through their memories of the event.","Ray Mendoza, Alex Garland",,"War, Action","31,896,828.00"
The Phoenician Scheme,2025,68,"Wealthy businessman Zsa-zsa Korda appoints his only daughter, a nun, as sole heir to his estate. As Korda embarks on a new enterprise, they soon become the target of scheming tycoons, foreign terrorists, and determined assassins.",Wes Anderson,Wes Anderson,"Adventure, Comedy","36,261,100.00"
Kayara,2025,76,"A courageous and athletic teenager, Kayara dreams that she is destined to be the first female to break into the league of Chasquis - the official messengers of the Incan empire. As she learns what it takes to be a Chasqui along with its challenges, she tackles every mission she gets and discovers the ancient stories of her land and her people.",Cesar Zelada,,"Animation, Adventure, Family",
Fierce Town,2025,72,"By the middle of the 12th century, the borders of the Mongolian Empire stretched from the Adriatic and Mediterranean Seas in the west to the southern lands of China in the east. The Mongolian army, under Khan Batu’s command, was known for its invisibility, destroying anyone who dared to challenge them. Yet, even within their central territories, some areas refused to bow to the Genghisids. Kozelsk was one of them. The Mongolian armies bypassed the high walls of this small town, considering that ""the skin of the wolf was not worth the risk of encountering its teeth"".However, one of the Khan’s commanders harbored a grudge against the town's citizens. Now, the people of Kozelsk must face a battle against the strongest army in the world, with no hope of victory. This is a story about people facing their death. Some try to escape, others are willing to do anything to survive, but most are prepared to protect their city from the relentless storms of the Mongolian hordes.",Konstantin Buslov,,"Drama, History, Action",
The Roundup: Punishment,2024,70,'Monster Cop' Ma Seok-do investigates an illegal online gambling business led by a former STS Baek and an IT genius CEO Chang. Ma proposes an unexpected alliance to Jang and begins hunting down the criminals.,Heo Myeong-haeng,,"Action, Crime, Drama, Thriller, Comedy","83,703,350.00"
The Fantastic Four: First Steps,2025,0,"Against the vibrant backdrop of a 1960s-inspired, retro-futuristic world, Marvel's First Family is forced to balance their roles as heroes with the strength of their family bond, while defending Earth from a ravenous space god called Galactus and his enigmatic Herald, Silver Surfer.",Matt Shakman,"Jeff Kaplan, Ian Springer, Eric Pearson, Josh Friedman","Science Fiction, Adventure",
Hunt the Wicked,2024,72,"The film tells the story of narcotics police officer Huang Mingjin and the ""mysterious figure"" Wei Yunzhou. Through completely different means and methods, in the process of calculating and wrestling with each other, they tear apart the facade of urban tranquility, exposing the underground drug network woven by the hidden hand ""Long Wang"", and ultimately eradicate the darkness with the sword of justice, revealing the dawn of light.",Chris Huo,,Action,
Utopia,2024,56,"A soldier searching for his missing wife breaks into a high-tech facility, believing she's been caught in a human trafficking ring. But beyond its walls, he finds a surreal, futuristic fantasy park where reality and illusion blur. As he navigates this seductive and dangerous world, a shocking truth pulls him deeper into a deadly game where nothing is as it seems.",James Bamford,,"Mystery, Thriller, Action, Science Fiction",
Fear Cabin: The Last Weekend of Summer,2024,80,"Six friends rent a cabin in the middle of the woods on the last weekend of summer and set out to have an amazing time full of partying and drinking. Little do they know that they will be sharing this cabin with an unexpected guest, will they make it out alive?",Brian Krainson,,Horror,
Life After Fighting,2024,71,"Retired martial arts world champion Alex Faulkner has settled into a simple life, when the disappearance of two of his students leads to an unthinkable discovery close to home. Just when all hope of finding the children is lost, he locates the imprisoned girls and unsurfaces an international child trafficking operation, which draws him back into the fight of his life against those behind it.",Bren Foster,,"Action, Drama, Thriller",
Inside Out 2,2024,76,"Teenager Riley's mind headquarters is undergoing a sudden demolition to make room for something entirely unexpected: new Emotions! Joy, Sadness, Anger, Fear and Disgust, who’ve long been running a successful operation by all accounts, aren’t sure how to feel when Anxiety shows up. And it looks like she’s not alone.",Kelsey Mann,"Meg LeFauve, Dave Holstein","Animation, Adventure, Comedy, Family","1,698,863,816.00"
Elio,2025,68,"Elio, a space fanatic with an active imagination, finds himself on a cosmic misadventure where he must form new bonds with eccentric alien lifeforms, navigate a crisis of intergalactic proportions and somehow discover who he is truly meant to be.","Adrian Molina, Domee Shi, Madeline Sharafian","Julia Cho, Mark Hammer, Mike Jones","Family, Comedy, Adventure, Animation, Science Fiction","98,705,914.00"
Open,2025,60,"The perfect summer turns into a blood-soaked nightmare as counselors at an isolated camp are hunted by a killer and the truth behind the murders is darker than anyone imagined. If the killer doesn't get you, the drama definitely will.",David Saban,,"Horror, Comedy",
Mikaela,2025,63,"During the eve of the 6th of January, a record-breaking snowstorm sweeps across Spain. In the midst of its chaos, a group of robbers seizes the opportunity to hijack an armoured van. A few meters away is Leo, a finished policeman who has nothing to lose. With the unexpected aid of a young woman, he will try to stop the band from running away with their loot.",Daniel Calparsoro,,"Action, Thriller",
28 Days Later,2002,72,"Twenty-eight days after a killer virus was accidentally unleashed from a British research facility, a small group of London survivors are caught in a desperate struggle to protect themselves from the infected. Carried by animals and humans, the virus turns those it infects into homicidal maniacs -- and it's absolutely impossible to contain.",Danny Boyle,,"Horror, Thriller, Science Fiction","85,032,676.00"
The Gorge,2025,77,"Two highly trained operatives grow close from a distance after being sent to guard opposite sides of a mysterious gorge. When an evil below emerges, they must work together to survive what lies within.",Scott Derrickson,,"Romance, Science Fiction, Thriller",
Your Fault,2024,71,The love between Noah and Nick seems unwavering despite their parents' attempts to separate them. But his job and her entry into college open up their lives to new relationships that will shake the foundations of both their relationship and the Leister family itself.,Domingo González,"Domingo González, Sofía Cuenca","Romance, Drama",
Despicable Me 4,2024,70,"Gru and Lucy and their girls—Margo, Edith and Agnes—welcome a new member to the Gru family, Gru Jr., who is intent on tormenting his dad. Gru also faces a new nemesis in Maxime Le Mal and his femme fatale girlfriend Valentina, forcing the family to go on the run.",Chris Renaud,,"Family, Comedy, Animation, Science Fiction","969,597,394.00"
Mufasa: The Lion King,2024,74,"Mufasa, a cub lost and alone, meets a sympathetic lion named Taka, the heir to a royal bloodline. The chance meeting sets in motion an expansive journey of a group of misfits searching for their destiny.",Barry Jenkins,Jeff Nathanson,"Adventure, Family, Animation","722,631,756.00"
Deadpool & Wolverine,2024,76,"A listless Wade Wilson toils away in civilian life with his days as the morally flexible mercenary, Deadpool, behind him. But when his homeworld faces an existential threat, Wade must reluctantly suit-up again with an even more reluctant Wolverine.",Shawn Levy,,"Action, Comedy, Science Fiction","1,338,073,645.00"
Skin. Like. Sun.,2009,60,"Real-life young couple Wim and Floor spend an afternoon in the sunwashed rooms of a crumbling home in Belgium. In a unique twist, this artistic erotic documentary is edited in nearly real-time. In the slowness, we get the build, the sweetness, and the sexiness. Forget about fingersnapping fast editing. Slow is where it’s at.","Murielle Scherre, Jennifer Lyon Bell",,Romance,
How to Train Your Dragon 2,2014,77,"Five years have passed since Hiccup and Toothless united the dragons and Vikings of Berk. Now, they spend their time charting unmapped territories. During one of their adventures, the pair discover a secret cave that houses hundreds of wild dragons -- and a mysterious dragon rider. Hiccup and Toothless find themselves at the center of a battle to protect Berk from a power-hungry warrior.",Dean DeBlois,,"Fantasy, Action, Adventure, Animation, Comedy, Family","621,537,519.00"
How to Train Your Dragon: The Hidden World,2019,78,"As Hiccup fulfills his dream of creating a peaceful dragon utopia, Toothless’ discovery of an untamed, elusive mate draws the Night Fury away. When danger mounts at home and Hiccup’s reign as village chief is tested, both dragon and rider must make impossible decisions to save their kind.",Dean DeBlois,Dean DeBlois,"Animation, Family, Adventure","539,987,993.00"
Playboy Playmate Workout,1983,100,"Lynda Wiesmeier, Playmate of the Month July 1982, along with other Playmates",Michael Trikilis,,,
Night,2024,100,Night has to trick the mother of the missing child into sleeping to save her soul.,Ahmad Saleh,,Animation,
Until Dawn,2025,66,"One year after her sister Melanie mysteriously disappeared, Clover and her friends head into the remote valley where she vanished in search of answers. Exploring an abandoned visitor center, they find themselves stalked by a masked killer and horrifically murdered one by one...only to wake up and find themselves back at the beginning of the same evening.",David F. Sandberg,,"Horror, Mystery","52,794,193.00"
given the Movie: To the Sea,2024,83,"Mafuyu doubts his place in the band, but a familiar face could be the spark that brings him back to the stage.",Noriko Hashimoto,Yuniko Ayana,"Animation, Romance",
Squid Game: Fireplace,2024,70,"Come share a toast in the Front Man's lair — but tread carefully, for you’re playing with fire.",,,Family,
The Owner,2023,60,An ordinary man’s life takes an unlikely turn when he saves the life of a high-ranking security officer in an accident.,Yury Bykov,,Drama,
In the Lost Lands,2025,65,"A queen sends the powerful and feared sorceress Gray Alys to the ghostly wilderness of the Lost Lands in search of a magical power, where she and her guide, the drifter Boyce, must outwit and outfight both man and demon.",Paul W. S. Anderson,Constantin Werner,"Action, Fantasy, Adventure","4,755,330.00"
Victoria,2021,85,"Victoria is a woman betrayed, now on a mission for revenge and destroying anything that gets in her way.",Juan C. Bofill,,Action,
The Substance,2024,71,"A fading celebrity decides to use a black market drug, a cell-replicating substance that temporarily creates a younger, better version of herself.",Coralie Fargeat,,"Drama, Horror, Science Fiction","76,506,196.00"
Kung Fu Panda 4,2024,71,"Po is gearing up to become the spiritual leader of his Valley of Peace, but also needs someone to take his place as Dragon Warrior. As such, he will train a new kung fu practitioner for the spot and will encounter a villain called the Chameleon who conjures villains from the past.",Mike Mitchell,,"Animation, Family, Action, Comedy, Adventure, Fantasy","548,040,835.00"
Fast X,2023,70,"Over many missions and against impossible odds, Dom Toretto and his family have outsmarted, out-nerved and outdriven every foe in their path. Now, they confront the most lethal opponent they've ever faced: A terrifying threat emerging from the shadows of the past who's fueled by blood revenge, and who is determined to shatter this family and destroy everything—and everyone—that Dom loves, forever.",Louis Leterrier,"Justin Lin, Dan Mazeau","Action, Crime, Thriller, Adventure, Mystery","704,709,660.00"
Shadow Force,2025,61,"Kyrah and Isaac were once the leaders of a multinational special forces group called Shadow Force. They broke the rules by falling in love, and in order to protect their son, they go underground. With a large bounty on their heads, and the vengeful Shadow Force hot on their trail, one family's fight becomes all-out war.",Joe Carnahan,,"Action, Drama, Thriller",5.00
Fernanda,2022,53,"An angry Latinx dyke in her twenties wants to make the world a better place, but can barely keep her own life together. Fernanda and her friends deconstruct their lives, fuck them up, and then continue to deconstruct them.",Mary Angélica Molina,Mary Angélica Molina,Comedy,
Snow White,2025,70,"When the Queen’s jealousy turns deadly, Snow White must join forces with gnomes to fight back against her stepmother’s wrath.","Erica Duke, Michael Johnson",,"Animation, Family, Fantasy",
Ligaw,2025,100,"A sultry woman who charms the hearts of men in a remote province. Dolores, a devoted wife to her paraplegic husband, falls for a young mountaineer. What begins as a reckless escape turns into an affair drenched in passion and secrecy.",Omar Daroca,,"Drama, Romance",
Ne Zha 2,2025,81,"Following the Tribulation, although the souls of Ne Zha and Ao Bing were preserved, their physical bodies will soon be destroyed. Tai Yi Zhen Ren plans to use the Seven Colored Lotus to reshape their physical forms, but encounters numerous difficulties. What will become of Ne Zha and Ao Bing?",Yang Yu,,"Animation, Fantasy, Adventure, Action","2,213,230,000.00"
365 Days: This Day,2022,59,"Laura and Massimo are back and hotter than ever. But the reunited couple's new beginning is complicated by Massimo’s family ties and a mysterious man who enters Laura’s life to win her heart and trust, at any cost.","Tomasz Mandes, Barbara Białowąs",,"Romance, Drama",
Interstellar,2014,85,The adventures of a group of explorers who make use of a newly discovered wormhole to surpass the limitations on human space travel and conquer the vast distances involved in an interstellar voyage.,Christopher Nolan,,"Adventure, Drama, Science Fiction","746,606,706.00"
Harry Potter and the Philosopher's Stone,2001,79,"Harry Potter has lived under the stairs at his aunt and uncle's house his whole life. But on his 11th birthday, he learns he's a powerful wizard—with a place waiting for him at the Hogwarts School of Witchcraft and Wizardry. As he learns to harness his newfound powers with the help of the school's kindly headmaster, Harry uncovers the truth about his parents' deaths—and about the villain who's to blame.",Chris Columbus,Steve Kloves,"Adventure, Fantasy","976,475,550.00"
The Wild Robot,2024,83,"After a shipwreck, an intelligent robot called Roz is stranded on an uninhabited island. To survive the harsh environment, Roz bonds with the island's animals and cares for an orphaned baby goose.",Chris Sanders,Chris Sanders,"Animation, Science Fiction, Family","331,982,078.00"
Let's Go To Rose Motel,2013,60,"Seong-soo hasn't had any physical contact with his girlfriend yet after 6 months of being together so he's always excited to see her. One day, Seong-soo succeeds in getting Min-ae into Rose Motel. When he is about to shower, Seong-soo discovers a small hole in the wall leading to the next room and watches the couple next door having intercourse. Seong-soo continues to watch out of curiosity but realizes he just watched celebrity Sara giving sexual favors to a big shot politician...",Sin Jeong-gyoon,,"Drama, Romance",
Eden,2024,74,"Driven by a deep desire for change, a group of people left society to forge a new future in the harsh landscape of the Galapagos.",Ron Howard,Noah Pink,"Thriller, Drama","825,041.00"
Venom: The Last Dance,2024,67,"Eddie and Venom are on the run. Hunted by both of their worlds and with the net closing in, the duo are forced into a devastating decision that will bring the curtains down on Venom and Eddie's last dance.",Kelly Marcel,Kelly Marcel,"Action, Science Fiction, Adventure","478,103,649.00"
My Fault: London,2025,75,"18-year-old Noah moves from America to London, with her mother who's recently fallen in love with William, a wealthy British businessman. Noah meets William’s son, bad-boy Nick, and soon discovers there is an attraction between them neither can avoid. As Noah spends the summer adjusting to her new life, her devastating past will catch up with her while falling in love for the first time.","Charlotte Fassler, Dani Girdwood",Melissa Osborne,"Romance, Drama",
Sorority,2025,65,"A tale of seduction and mystery. A fearless pre-law student joins an elite sorority led by a powerful heiress. As secrets unfold, she’s torn between the woman who awakened her desire and a truth that could destroy them both.",Sigrid Polon,,"Drama, Romance",
John Wick: Chapter 4,2023,77,"With the price on his head ever increasing, John Wick uncovers a path to defeating The High Table. But before he can earn his freedom, Wick must face off against a new enemy with powerful alliances across the globe and forces that turn old friends into foes.",Chad Stahelski,,"Action, Thriller, Crime","440,157,245.00"
The Avengers,2012,78,"When an unexpected enemy emerges and threatens global safety and security, Nick Fury, director of the international peacekeeping agency known as S.H.I.E.L.D., finds himself in need of a team to pull the world back from the brink of disaster. Spanning the globe, a daring recruitment effort begins!",Joss Whedon,Joss Whedon,"Science Fiction, Action, Adventure","1,518,815,515.00"
Flow,2024,82,"A solitary cat, displaced by a great flood, finds refuge on a boat with various species and must navigate the challenges of adapting to a transformed world together.",Gints Zilbalodis,"Gints Zilbalodis, Matīss Kaža","Animation, Adventure, Fantasy, Family","17,660,107.00"
Lilo & Stitch,2002,76,"As Stitch, a runaway genetic experiment from a faraway planet, wreaks havoc on the Hawaiian Islands, he becomes the mischievous adopted alien ""puppy"" of an independent little girl named Lilo and learns about loyalty, friendship, and ʻohana, the Hawaiian tradition of family.","Dean DeBlois, Chris Sanders",,"Animation, Family, Comedy","273,144,151.00"
Oppenheimer,2023,81,The story of J. Robert Oppenheimer's role in the development of the atomic bomb during World War II.,Christopher Nolan,,"Drama, History","952,000,000.00"
The Public Woman,1984,62,"An inexperienced young actress is invited to play a role in a film based on Dostoyevsky's 'The Possessed'. The film director, a Czech immigrant in Paris, takes over her life, and in a short time she is unable to draw the line between acting and reality. She winds up playing a real-life role posing as the dead wife of another Czech immigrant, who is manipulated by the filmmaker into commiting a political assassination.",Andrzej Żuławski,,Drama,
Possessions,2024,53,"Follows a father who seeks a fresh start with his son after the loss of his wife, and purchased a storage unit facility sight unseen, but secrets buried behind the metal doors become a parent's worst nightmare.",Brent Cote,,Horror,
Female Teacher: In Front of the Students,1982,64,"The lovely Reiko has taken a new teaching job at a creepy old high school.  She is an extremely attractive woman and the young students in her class have fallen for her.  One night, after tennis practice, she is brutally assaulted in the locker room shower by a man with a stocking over his face.  Left on the floor naked and in shock, she discovers a single puzzle piece left behind by the crazed man.  A few days later, a pair of students enact a perverted sexual revenge on Reiko for kicking someone off the tennis team.  Could one of these students be the man who brutalized her in the locker room?  Who owns the strange puzzle piece?  As the mystery unfolds, Reiko must come to terms with her own sexual urges and fate.",Yasuaki Uegaki,Masayasu Ōebara,"Drama, Mystery, Horror",
新婚シリーズ　最初が肝心,1962,100,1962 Japanese movie,Shigeaki Hidaka,Motonari Wakai,,
Pleasure,2021,63,"19 year old Linnéa leaves her small town in Sweden and heads for Los Angeles with the aim of becoming the world's next big porn star, but the road to her goal turns out to be bumpier than she imagined.",Ninja Thyberg,Ninja Thyberg,Drama,"393,824.00"
Don Jon,2013,60,"A New Jersey guy dedicated to his family, friends, and church, develops unrealistic expectations from watching porn and works to find happiness and intimacy with his potential true love.",Joseph Gordon-Levitt,,"Romance, Comedy, Drama",
Couple Exchange,2023,95,"Nan-hee, who wants to enjoy her newlywed life, feels something wrong with her husband, Moo-yeong's body. No matter how much she tries to seduce him every night, Moo-yeong is unable to use his strength. One day, Nan-hee's high school classmate Yoo-na moves in next door. Nan-hee begins to heal Moo-yeong through Yoo-na's shocking suggestion.",Jang Kwon,,Romance,
Titanic,1997,79,"101-year-old Rose DeWitt Bukater tells the story of her life aboard the Titanic, 84 years later. A young Rose boards the ship with her mother and fiancé. Meanwhile, Jack Dawson and Fabrizio De Rossi win third-class tickets aboard the ship. Rose tells the whole story from Titanic's departure through to its death—on its first and last voyage—on April 15, 1912.",James Cameron,,"Drama, Romance","2,264,162,353.00"
The Monkey,2025,60,"When twin brothers find a mysterious wind-up monkey, a series of outrageous deaths tear their family apart. Twenty-five years later, the monkey begins a new killing spree forcing the estranged brothers to confront the cursed toy.",Osgood Perkins,Osgood Perkins,"Horror, Comedy","68,869,853.00"
The Legend of Ochi,2025,64,"In a remote village on the island of Carpathia, a shy farm girl named Yuri is raised to fear an elusive animal species known as ochi. But when Yuri discovers a wounded baby ochi has been left behind, she escapes on a quest to bring him home.",Isaiah Saxon,,"Family, Fantasy, Adventure","4,588,865.00"
Bambi: A Life in the Woods,2024,59,"The life of Bambi, a male roe deer, from his birth through childhood, the loss of his mother, the finding of a mate, the lessons he learns from his father, and the experience he gains about the dangers posed by human hunters in the forest.",Michel Fessler,,"Adventure, Family, Documentary","1,419,154.00"
Daniela Forever,2025,78,A man struggling to come to terms with the sudden death of his girlfriend in an accident six months prior signs up for a sleep trial that allows him to reconstruct his life with her through the use of lucid dreams.,Nacho Vigalondo,,"Science Fiction, Romance",
Van Gogh by Vincent,2025,62,"In a career that lasted only ten years, Vincent Van Gogh painted one subject more than any other: himself. This is the story of Vincent told using eight of his most iconic self-portraits.",Richard Shaw,,Documentary,
Kraven the Hunter,2024,65,"Kraven Kravinoff's complex relationship with his ruthless gangster father, Nikolai, starts him down a path of vengeance with brutal consequences, motivating him to become not only the greatest hunter in the world, but also one of its most feared.",J.C. Chandor,"Richard Wenk, Art Marcum, Matt Holloway","Action, Adventure, Thriller","59,184,643.00"
The Proposal,2009,72,"When she learns she's in danger of losing her visa status and being deported, overbearing book editor Margaret Tate forces her put-upon assistant, Andrew Paxton, to marry her.",Anne Fletcher,,"Comedy, Romance, Drama","317,400,000.00"
Jurassic Park,1993,80,"A wealthy entrepreneur secretly creates a theme park featuring living dinosaurs drawn from prehistoric DNA. Before opening day, he invites a team of experts and his two eager grandchildren to experience the park and help calm anxious investors. However, the park is anything but amusing as the security systems go off-line and the dinosaurs escape.",Steven Spielberg,"Michael Crichton, David Koepp","Adventure, Science Fiction","920,100,000.00"
Death of a Unicorn,2025,64,"A father and daughter accidentally hit and kill a unicorn while en route to a weekend retreat, where his billionaire boss seeks to exploit the creature’s miraculous curative properties.",Alex Scharfman,,"Horror, Fantasy, Comedy","16,412,392.00"
The Lord of the Rings: The Fellowship of the Ring,2001,84,"Young hobbit Frodo Baggins, after inheriting a mysterious ring from his uncle Bilbo, must leave his home in order to keep it from falling into the hands of its evil creator. Along the way, a fellowship is formed to protect the ringbearer and make sure that the ring arrives at its final destination: Mt. Doom, the only place where it can be destroyed.",Peter Jackson,"Peter Jackson, Philippa Boyens, Fran Walsh","Adventure, Fantasy, Action","871,368,364.00"
The Godfather,1972,87,"Spanning the years 1945 to 1955, a chronicle of the fictional Italian-American Corleone crime family. When organized crime family patriarch, Vito Corleone barely survives an attempt on his life, his youngest son, Michael steps in to take care of the would-be killers, launching a campaign of bloody revenge.",Francis Ford Coppola,"Francis Ford Coppola, Mario Puzo","Drama, Crime","245,066,411.00"
"The Chronicles of Narnia: The Lion, the Witch and the Wardrobe",2005,71,"Siblings Lucy, Edmund, Susan and Peter step through a magical wardrobe and find the land of Narnia. There, they discover a charming, once peaceful kingdom that has been plunged into eternal winter by the evil White Witch, Jadis. Aided by the wise and magnificent lion, Aslan, the children lead Narnia into a spectacular, climactic battle to be free of the Witch's glacial powers forever.",Andrew Adamson,"Andrew Adamson, Ann Peacock, Stephen McFeely, Christopher Markus","Adventure, Family, Fantasy","745,013,115.00"
Spider-Man: Across the Spider-Verse,2023,83,"After reuniting with Gwen Stacy, Brooklyn’s full-time, friendly neighborhood Spider-Man is catapulted across the Multiverse, where he encounters the Spider Society, a team of Spider-People charged with protecting the Multiverse’s very existence. But when the heroes clash on how to handle a new threat, Miles finds himself pitted against the other Spiders and must set out on his own to save those he loves most.","Justin K. Thompson, Joaquim Dos Santos, Kemp Powers",,"Animation, Action, Adventure, Science Fiction","690,897,910.00"
Serena the Sexplorer,2013,57,"Lusty, luscious interstellar visitor Serena comes to Earth to satisfy her deepest desires in this erotic tale.",Steve Goldenberg,,"Comedy, Science Fiction",
My Old Ass,2024,68,"An 18th birthday mushroom trip brings free-spirited Elliott face-to-face with her wisecracking 39-year-old self. But when Elliott’s ""old ass"" starts handing out warnings about what her younger self should and shouldn't do, Elliott realizes she has to rethink everything about family, love, and what's becoming a transformative summer.",Megan Park,,"Comedy, Drama","5,705,895.00"
Materialists,2025,70,"A young, ambitious New York City matchmaker finds herself torn between the perfect match and her imperfect ex.",Celine Song,,"Romance, Drama","45,624,258.00"
Sex Education Mistresses,1973,66,"An erotic comedy depicting the sex adventures of  young wives living in an apartment complex, that are not satisfied with just having sex with their husbands.",Akira Kato,Toshirō Ishidō,Comedy,
Top Gun: Maverick,2022,82,"After more than thirty years of service as one of the Navy’s top aviators, and dodging the advancement in rank that would ground him, Pete “Maverick” Mitchell finds himself training a detachment of TOP GUN graduates for a specialized mission the likes of which no living pilot has ever seen.",Joseph Kosinski,"Ehren Kruger, Christopher McQuarrie, Eric Warren Singer","Action, Drama","1,488,732,821.00"
Havoc,2025,65,"When a drug heist swerves lethally out of control, a jaded cop fights his way through a corrupt city's criminal underworld to save a politician's son.",Gareth Evans,,"Action, Crime, Thriller",
And Their Children After Them,2024,64,"In eastern France, two teenage cousins have the summer of their lives when they paddle a purloined canoe to the far shore of a lake.","Zoran Boukherma, Ludovic Boukherma","Zoran Boukherma, Ludovic Boukherma",Drama,"2,288,190.00"
Exterritorial,2025,68,"When her son vanishes inside a US consulate, ex-special forces soldier Sara does everything in her power to find him — and uncovers a dark conspiracy.",Christian Zübert,,"Thriller, Action",
The Shawshank Redemption,1994,87,"Imprisoned in the 1940s for the double murder of his wife and her lover, upstanding banker Andy Dufresne begins a new life at the Shawshank prison, where he puts his accounting skills to work for an amoral warden. During his long stretch in prison, Dufresne comes to be admired by the other inmates -- including an older prisoner named Red -- for his integrity and unquenchable sense of hope.",Frank Darabont,Frank Darabont,"Drama, Crime","28,341,469.00"
Avengers: Infinity War,2018,82,"As the Avengers and their allies have continued to protect the world from threats too large for any one hero to handle, a new danger has emerged from the cosmic shadows: Thanos. A despot of intergalactic infamy, his goal is to collect all six Infinity Stones, artifacts of unimaginable power, and use them to inflict his twisted will on all of reality. Everything the Avengers have fought for has led up to this moment - the fate of Earth and existence itself has never been more uncertain.","Anthony Russo, Joe Russo","Stephen McFeely, Christopher Markus","Adventure, Action, Science Fiction","2,052,415,039.00"
Gladiator II,2024,67,"Years after witnessing the death of the revered hero Maximus at the hands of his uncle, Lucius is forced to enter the Colosseum after his home is conquered by the tyrannical Emperors who now lead Rome with an iron fist. With rage in his heart and the future of the Empire at stake, Lucius must look to his past to find strength and honor to return the glory of Rome to its people.",Ridley Scott,David Scarpa,"Action, Adventure, Drama","462,180,717.00"
Victoria,2024,75,"Victoria, a young beautician in a suburban beauty parlour, decides to elope with her Hindu boyfriend after a fierce clash with her conservative Catholic parents. Amidst the turmoil, a neighbour asks her to temporarily house an offering rooster destined for a festival at St. George church inside the parlour. Juggling the rooster's antics, unexpected clients, and her boyfriend's uncertainty, Victoria grapples with conflicting emotions leading to a day of intense personal and spiritual revelations.",Sivaranjini J,,Drama,
Mercato,2025,62,"Mercato takes us behind the scenes of today's soccer, a global industry with interests running into billions. Driss, a player agent, has seven days to save his skin before the end of the mercato...",Tristan Séguéla,"Olivier Demangel, Thomas Finkielkraut",Thriller,
Inception,2010,84,"Cobb, a skilled thief who commits corporate espionage by infiltrating the subconscious of his targets is offered a chance to regain his old life as payment for a task considered to be impossible: ""inception"", the implantation of another person's idea into a target's subconscious.",Christopher Nolan,,"Action, Science Fiction, Adventure","839,030,630.00"
Africa Blood and Guts,1966,65,"A chronicle of the violence that occurred in much of the African continent throughout the 1960s. As many African countries were transitioning from colonial rule to other forms of government, violent political upheavals were frequent. Revolutions in Zanzibar and Kenya in which thousands were killed are shown, the violence not only political; there is also extensive footage of hunters and poachers slaughtering different types of wild animals.","Franco Prosperi, Gualtiero Jacopetti",,"Documentary, Horror","2,000,000.00"
The Alcove,1985,54,"In 1936 Italy, Elio returns home from Africa with a present for his wife in the form of Zerbal, the daughter of a tribal king. Unbeknown to him, his neglected wife Alessandra has formed a relationship with Elio’s otherwise frigid secretary Velma who is less than pleased at Elio’s return.",Joe D'Amato,,"Drama, Romance, Thriller",
Absolute Evil,2009,57,"Southern Texas. Savannah and Cooper, a young couple in love, drive through the desert in a black 70s Cadillac convertible. Unaware that they are being followed, they check into a motel at the Mexican border. When Savannah leaves to buy food, a cop sneaks into the room, pulls his gun on Cooper, accuses him of murder and tries to arrest him. But Savannah, who had become suspicious, manages to turn the tables:",Ulli Lommel,,"Mystery, Thriller",
Dune: Part Two,2024,81,"Follow the mythic journey of Paul Atreides as he unites with Chani and the Fremen while on a path of revenge against the conspirators who destroyed his family. Facing a choice between the love of his life and the fate of the known universe, Paul endeavors to prevent a terrible future only he can foresee.",Denis Villeneuve,"Denis Villeneuve, Jon Spaihts","Science Fiction, Adventure","714,444,358.00"
Anora,2024,70,"A young sex worker from Brooklyn gets her chance at a Cinderella story when she meets and impulsively marries the son of an oligarch. Once the news reaches Russia, her fairytale is threatened as his parents set out to get the marriage annulled.",Sean Baker,,"Drama, Comedy, Romance","56,286,295.00"
Ask Me What You Want,2024,62,"After his father's death, Eric Zimmerman travels to Spain to oversee his company's branches. In Madrid, he falls for Judith and engage in an intense, erotic relationship full of exploration. However, Eric fears his secret may end their affair.",Lucía Alemany,"Vivien Dakota, Ivy Hesh, Marina Martín Laguna","Romance, Drama","2,265,661.00"
Fifty Shades of Grey,2015,59,"When college senior Anastasia Steele steps in for her sick roommate to interview prominent businessman Christian Grey for their campus paper, little does she realize the path her life will take. Christian, as enigmatic as he is rich and powerful, finds himself strangely drawn to Ana, and she to him. Though sexually inexperienced, Ana plunges headlong into an affair -- and learns that Christian's true sexual proclivities push the boundaries of pain and pleasure.",Sam Taylor-Johnson,Kelly Marcel,"Drama, Romance, Thriller","569,651,467.00"
Flight Risk,2025,61,"A U.S. Marshal escorts a government witness to trial after he's accused of getting involved with a mob boss, only to discover that the pilot who is transporting them is also a hitman sent to assassinate the informant. After they subdue him, they're forced to fly together after discovering that there are others attempting to eliminate them.",Mel Gibson,,"Action, Thriller","48,701,987.00"
Parasite,2019,85,"All unemployed, Ki-taek's family takes peculiar interest in the wealthy and glamorous Parks for their livelihood until they get entangled in an unexpected incident.",Bong Joon Ho,"Bong Joon Ho, Han Jin-won","Comedy, Thriller, Drama","257,591,776.00"
The Super Mario Bros. Movie,2023,76,"While working underground to fix a water main, Brooklyn plumbers—and brothers—Mario and Luigi are transported down a mysterious pipe and wander into a magical new world. But when the brothers are separated, Mario embarks on an epic quest to find Luigi.","Michael Jelenic, Aaron Horvath",,"Family, Comedy, Adventure, Animation, Fantasy","1,362,000,000.00"
Novocaine,2025,69,"When the girl of his dreams is kidnapped, everyman Nate turns his inability to feel pain into an unexpected strength in his fight to get her back.","Dan Berk, Robert Olsen",,"Action, Comedy, Thriller","34,208,050.00"
Barbie,2023,70,"Barbie and Ken are having the time of their lives in the colorful and seemingly perfect world of Barbie Land. However, when they get a chance to go to the real world, they soon discover the joys and perils of living among humans.",Greta Gerwig,,"Comedy, Adventure","1,445,638,421.00"
Wicked,2024,69,"In the land of Oz, ostracized and misunderstood green-skinned Elphaba is forced to share a room with the popular aristocrat Glinda at Shiz University, and the two's unlikely friendship is tested as they begin to fulfill their respective destinies as Glinda the Good and the Wicked Witch of the West.",Jon M. Chu,"Dana Fox, Winnie Holzman","Drama, Romance, Fantasy","756,085,570.00"
Batman Ninja vs. Yakuza League,2025,67,"The Batman family has returned to the present to discover that Japan has disappeared, and a giant island - Hinomoto - is now in the sky over Gotham City.  At the top sit the Yakuza, a group of superpowered individuals who reign without honor or humanity and look suspiciously like the Justice League. Now, it’s up to Batman and his allies to save Gotham!","Shinji Takagi, Jumpei Mizusaki",Kazuki Nakashima,"Animation, Action",
Alien: Romulus,2024,72,"While scavenging the deep ends of a derelict space station, a group of young space colonizers come face to face with the most terrifying life form in the universe.",Fede Álvarez,,"Horror, Science Fiction","350,865,342.00"
Spider-Man: No Way Home,2021,79,"Peter Parker is unmasked and no longer able to separate his normal life from the high-stakes of being a super-hero. When he asks for help from Doctor Strange the stakes become even more dangerous, forcing him to discover what it truly means to be Spider-Man.",Jon Watts,,"Action, Adventure, Science Fiction","1,921,847,111.00"
Mickey 17,2025,69,"Unlikely hero Mickey Barnes finds himself in the extraordinary circumstance of working for an employer who demands the ultimate commitment to the job… to die, for a living.",Bong Joon Ho,,"Science Fiction, Comedy, Adventure","131,847,147.00"
Wonder Woman,2017,72,An Amazon princess comes to the world of Man in the grips of the First World War to confront the forces of evil and bring an end to human conflict.,Patty Jenkins,Allan Heinberg,"Action, Adventure, Fantasy","823,970,682.00"
The Maze Runner,2014,72,"Set in a post-apocalyptic world, young Thomas is deposited in a community of boys after his memory is erased, soon learning they're all trapped in a maze that will require him to join forces with fellow “runners” for a shot at escape.",Wes Ball,"Noah Oppenheim, Grant Pierce Myers, T.S. Nowlin","Action, Mystery, Science Fiction, Thriller","348,319,861.00"
The Dark Knight,2008,85,"Batman raises the stakes in his war on crime. With the help of Lt. Jim Gordon and District Attorney Harvey Dent, Batman sets out to dismantle the remaining criminal organizations that plague the streets. The partnership proves to be effective, but they soon find themselves prey to a reign of chaos unleashed by a rising criminal mastermind known to the terrified citizens of Gotham as the Joker.",Christopher Nolan,"Christopher Nolan, Jonathan Nolan","Drama, Action, Crime, Thriller","1,004,558,444.00"
28 Weeks Later,2007,66,"Twenty-eight weeks after the spread of a deadly rage virus, the inhabitants of the British Isles have lost their battle against the onslaught, as the virus has killed everyone there. Six months later, a group of Americans dare to set foot on the Isles, convinced the danger has passed. But it soon becomes all too clear that the scourge continues to live, waiting to pounce on its next victims.",Juan Carlos Fresnadillo,"Juan Carlos Fresnadillo, Rowan Joffé, Enrique López Lavigne, Jesús Olmo","Horror, Thriller, Science Fiction","65,048,725.00"
The Shrouds,2025,59,"Inconsolable since the death of his wife, Karsh, a prominent businessman, invents a revolutionary and controversial technology that enables the living to monitor their dear departed in their shrouds. One night, multiple graves, including that of Karsh’s wife, are desecrated, and he sets out to track down the perpetrators.",David Cronenberg,,"Science Fiction, Drama, Horror, Thriller","1,291,679.00"
Woodwalkers,2024,63,"Humans who can shapeshift into animals struggle to integrate with others without giving away their special abilities. As a group, they strive to inform and institute change in the world perspective of deforestation and the importance of natural habitats. However, when that can’t happen, they are forced to take matters into their own hands.",Damián John Harper,,"Family, Fantasy",
Santosh,2024,71,"A government scheme sees newly widowed Santosh inherit her husband’s job as a police constable in the rural badlands of Northern India. When a low-caste girl is found raped and murdered, she is pulled into the investigation under the wing of charismatic feminist inspector Sharma.",Sandhya Suri,Sandhya Suri,"Crime, Drama, Thriller","1,097,812.00"
Continent,2024,60,"After 15 years of living abroad, Amanda returns home with her French boyfriend, Martin. They arrive at her family's large-scale farm, located in a secluded village on the endless plains of southern Brazil. There, Amanda finds her father in a coma in the midst of increasing tension among the workers. The sole doctor in the nearby village is Helô, a young woman who resigns herself to caring for the local townspeople. The imminent death of the farm owner will put Amanda, Martin, and Helô at the heart of a disturbing settlement between the village and the farm owners.",Davi Pretto,,"Horror, Drama",
Coraline,2009,79,"Wandering her rambling old house in her boring new town, 11-year-old Coraline discovers a hidden door to a strangely idealized version of her life. In order to stay in the fantasy, she must make a frighteningly real sacrifice.",Henry Selick,Henry Selick,"Animation, Family, Fantasy","185,860,104.00"
Brave Citizen,2023,70,"An expelled boxing champion, who now is a high-school teacher, witnesses intolerable violence and throws her first punch to build justice against it, while putting on a mask.",Park Jin-pyo,,"Action, Drama, Comedy","2,116,112.00"
Making Squid Game: The Challenge,2023,78,"Go behind the scenes and witness how the ""Squid Game""-inspired reality show transformed from a scripted drama to a cutthroat, nail-biting competition.",,,Documentary,
Harry Potter and the Chamber of Secrets,2002,77,"Cars fly, trees fight back, and a mysterious house-elf comes to warn Harry Potter at the start of his second year at Hogwarts. Adventure and danger await when bloody writing on a wall announces: The Chamber Of Secrets Has Been Opened. To save Hogwarts will require all of Harry, Ron and Hermione’s magical abilities and courage.",Chris Columbus,Steve Kloves,"Adventure, Fantasy","876,688,482.00"
13 Ghost Story Confrontation 1: Cherishing,2009,93,"First installment of a trilogy of ""Ghost Stories"", featuring strenuous physical torment of a young woman.",,,Horror,
Dune,2021,78,"Paul Atreides, a brilliant and gifted young man born into a great destiny beyond his understanding, must travel to the most dangerous planet in the universe to ensure the future of his family and his people. As malevolent forces explode into conflict over the planet's exclusive supply of the most precious resource in existence-a commodity capable of unlocking humanity's greatest potential-only those who can conquer their fear will survive.",Denis Villeneuve,"Denis Villeneuve, Jon Spaihts, Eric Roth","Science Fiction, Adventure","407,573,628.00"
Forrest Gump,1994,85,"A man with a low IQ has accomplished great things in his life and been present during significant historic events—in each case, far exceeding what anyone imagined he could do. But despite all he has achieved, his one true love eludes him.",Robert Zemeckis,Eric Roth,"Comedy, Drama, Romance","677,387,716.00"
Shrek,2001,78,"It ain't easy bein' green -- especially if you're a likable (albeit smelly) ogre named Shrek. On a mission to retrieve a gorgeous princess from the clutches of a fire-breathing dragon, Shrek teams up with an unlikely compatriot -- a wisecracking donkey.","Andrew Adamson, Vicky Jenson",,"Animation, Comedy, Fantasy, Adventure, Family","488,628,188.00"
Superman,1978,71,"Mild-mannered Clark Kent works as a reporter at the Daily Planet alongside his crush, Lois Lane. Clark must summon his superhero alter-ego when the nefarious Lex Luthor launches a plan to take over the world.",Richard Donner,"Mario Puzo, David Newman, Leslie Newman, Robert Benton","Science Fiction, Action, Adventure","300,478,449.00"
Shark Whisperer,2025,70,Marine conservationist and social media activist Ocean Ramsey fearlessly swims with sharks in this documentary about her risky mission to protect them.,"Harrison Macks, JP Stiles, James Reed",,Documentary,
Sikandar,2025,48,A tragic accident pushes the powerful Sikandar to protect the less fortunate by standing up to corruption and greed — using any means necessary.,A.R. Murugadoss,A.R. Murugadoss,"Action, Drama","24,727,058.00"
Intimacy,2001,62,"Failed musician Jay abandoned his family and now earns a living as head bartender in a trendy London pub. Every Wednesday afternoon, a woman comes to his house for graphic, almost wordless, sex. One day, Jay follows her and learns about her. This eventually disrupts their relationship.",Patrice Chéreau,"Patrice Chéreau, Anne-Louise Trividic","Romance, Drama, Fantasy","2,672,527.00"
Companion,2025,71,"During a weekend getaway at a secluded lakeside estate, a group of friends finds themselves entangled in a web of secrets, deception, and advanced technology. As tensions rise and loyalties are tested, they uncover unsettling truths about themselves and the world around them.",Drew Hancock,,"Horror, Science Fiction, Thriller","36,709,101.00"
The Hangover,2009,73,"When three friends finally come to after a raucous night of bachelor-party revelry, they find a baby in the closet and a tiger in the bathroom. But they can't seem to locate their best friend, Doug – who's supposed to be tying the knot. Launching a frantic search for Doug, the trio perseveres through a nasty hangover to try to make it to the church on time.",Todd Phillips,"Jon Lucas, Scott Moore",Comedy,"469,310,836.00"
Fountain of Youth,2025,64,"A treasure-hunting mastermind assembles a team for a life-changing adventure. But to outwit and outrun threats at every turn, he'll need someone even smarter than he is: his estranged sister.",Guy Ritchie,,"Adventure, Fantasy, Mystery",
Road House,2024,70,"Ex-UFC fighter Dalton takes a job as a bouncer at a Florida Keys roadhouse, only to discover that this paradise is not all it seems.",Doug Liman,"Anthony Bagarozzi, Charles Mondry","Action, Thriller",
Echo Valley,2025,65,"Kate lives a secluded life—until her troubled daughter shows up, frightened and covered in someone else's blood. As Kate unravels the shocking truth, she learns just how far a mother will go to try to save her child.",Michael Pearce,,"Thriller, Drama",
Titan: The OceanGate Submersible Disaster,2025,71,OceanGate's Titan tourist submersible imploded in 2023 on a deep-sea dive to the Titanic. This documentary details how a bold vision ended in tragedy.,Mark Monroe,,"Documentary, Drama",
Pirates of the Caribbean: The Curse of the Black Pearl,2003,78,"After Port Royal is attacked and pillaged by a mysterious pirate crew, capturing the governor's daughter Elizabeth Swann in the process, William Turner asks free-willing pirate Jack Sparrow to help him locate the crew's ship—The Black Pearl—so that he can rescue the woman he loves.",Gore Verbinski,"Terry Rossio, Ted Elliott","Adventure, Fantasy, Action","655,011,224.00"
Sew Torn,2024,70,"A seamstress gets tangled in her own thread after stealing a briefcase from a drug deal gone bad. In an escalating game of cat and mouse, her different choices lead to drastically different outcomes along the way.",Freddy Macdonald,,"Thriller, Comedy, Crime",
Devara: Part 1,2024,70,"Devara, a fearless man from a coastal region, embarks on a perilous journey into the treacherous world of the sea to safeguard the lives of his people. Unbeknownst to him, his brother Bhaira is plotting a conspiracy against him. As events unfold, Devara passes on his legacy to his mild-mannered and timid son, Varada.",Koratala Siva,,"Action, Drama","49,520,000.00"
Fear Below,2025,66,A rag-tag team of divers attempting to salvage a sunken car from a river are thwarted by a highly aggressive bull shark.,Matthew Holmes,,"Horror, Action, Adventure, Thriller",
Hola Frida!,2025,72,"It’s the story of a little girl who is different. Her world is Coyoacan, Mexico City. Sparkling, vibrant, everything interests her and when difficulties arise, she faces them with an overflowing imagination. This little girl is called Frida Kahlo.","André Kadi, Karine Vézina","André Kadi, Anne Bryan, Sophie Faucher, Émilie Gabrielle","Animation, Family, History",
M3GAN,2022,71,"A brilliant toy company roboticist uses artificial intelligence to develop M3GAN, a life-like doll programmed to emotionally bond with her newly orphaned niece. But when the doll's programming works too well, she becomes overprotective of her new friend with terrifying results.",Gerard Johnstone,Akela Cooper,"Science Fiction, Horror","181,796,517.00"
The Garfield Movie,2024,71,"Garfield, the world-famous, Monday-hating, lasagna-loving indoor cat, is about to have a wild outdoor adventure! After an unexpected reunion with his long-lost father – scruffy street cat Vic – Garfield and his canine friend Odie are forced from their perfectly pampered life into joining Vic in a hilarious, high-stakes heist.",Mark Dindal,"David Reynolds, Paul A. Kaplan, Mark Torgove","Family, Comedy, Adventure, Animation","254,907,482.00"
The Adolescent,1979,50,"In the summer of 1939, 13-year-old Marie goes with her parents to visit her grandparents in a small town near Avignon. Marie discovers her femininity and falls for a young Jewish doctor, but he prefers Eva, Marie's mother.",Jeanne Moreau,,Drama,
Mission: Impossible - Dead Reckoning Part One,2023,75,"Ethan Hunt and his IMF team embark on their most dangerous mission yet: To track down a terrifying new weapon that threatens all of humanity before it falls into the wrong hands. With control of the future and the world's fate at stake and dark forces from Ethan's past closing in, a deadly race around the globe begins. Confronted by a mysterious, all-powerful enemy, Ethan must consider that nothing can matter more than his mission—not even the lives of those he cares about most.",Christopher McQuarrie,,"Action, Adventure, Thriller","571,125,435.00"
